{
  "experimental": {
    "g_over_2": 1.00115965218059,
    "sigma_g_over_2": 1.3e-13,
    "a_e": 0.0011596521805901094,
    "sigma_a_e": 1.3e-13,
    "reference": "Fan, Myers, Sukra and Gabrielse (2023), PRL 130, 071801",
    "precision_ppt": 0.12984941983713752
  },
  "alpha_values": {
    "Cs_Parker_2018": {
      "label": "Parker, Yu, Zhong, Estey, M\u00fcller (2018), Berkeley, Cs recoil",
      "short": "Cs (Berkeley 2018)",
      "alpha_inv": 137.035999046,
      "sigma_alpha_inv": 2.7e-08,
      "alpha": 0.007297352571307352,
      "sigma_alpha": 1.4377865728490827e-12,
      "rel_sigma": 1.9702851942529853e-10
    },
    "Rb_Morel_2020": {
      "label": "Morel, Yao, Clad\u00e9, Guellati-Kh\u00e9lifa (2020), Paris, Rb recoil",
      "short": "Rb (Paris 2020)",
      "alpha_inv": 137.035999206,
      "sigma_alpha_inv": 1.1e-08,
      "alpha": 0.007297352562787135,
      "sigma_alpha": 5.857648986817756e-13,
      "rel_sigma": 8.027087819065848e-11
    },
    "ae_inverted_Fan_2023": {
      "label": "Fan, Myers, Sukra, Gabrielse (2023), inverted from $a_e$ via QED+had+weak",
      "short": "$a_e$-inverted (Fan 2023)",
      "alpha_inv": 137.035999166,
      "sigma_alpha_inv": 1.5e-08,
      "alpha": 0.007297352564917189,
      "sigma_alpha": 7.987703168505522e-13,
      "rel_sigma": 1.0946028847375784e-10
    },
    "Cs_vs_Rb_sigma": 5.487955178635693
  },
  "qed_orders": {
    "order_1": {
      "n": 1,
      "label": "Schwinger (1948)",
      "coefficient": 0.5,
      "sigma_coefficient": 0.0,
      "contribution": 0.0011614097321908919,
      "sigma_contribution": 0.0,
      "n_diagrams": 1
    },
    "order_2": {
      "n": 2,
      "label": "Sommerfield (1957), Petermann (1957)",
      "coefficient": -0.32847896557919337,
      "sigma_coefficient": 0.0,
      "contribution": -1.7723050607477496e-06,
      "sigma_contribution": 0.0,
      "n_diagrams": 7
    },
    "order_3": {
      "n": 3,
      "label": "Laporta and Remiddi (1996)",
      "coefficient": 1.181234016816,
      "sigma_coefficient": 0.0,
      "contribution": 1.4804110394334339e-08,
      "sigma_contribution": 0.0,
      "n_diagrams": 72
    },
    "order_4": {
      "n": 4,
      "label": "Kinoshita group, Aoyama-Kinoshita-Nio (2019)",
      "coefficient": -1.912245764926,
      "sigma_coefficient": 0.00084,
      "contribution": -5.5667989183723835e-11,
      "sigma_contribution": 2.4453504759696815e-14,
      "n_diagrams": 891
    },
    "order_5": {
      "n": 5,
      "label": "Aoyama, Hayakawa, Kinoshita and Nio (2012)",
      "coefficient": 6.7349,
      "sigma_coefficient": 0.0099,
      "contribution": 4.554161575358154e-13,
      "sigma_contribution": 6.694412626177929e-16,
      "n_diagrams": 12672
    },
    "sum_through_order_5_universal": 0.0011596521760279654,
    "sigma_truncation_at_order_5": 2.4462666384444073e-14,
    "alpha_used": 0.007297352564917189,
    "alpha_inv_used": 137.035999166
  },
  "corrections": {
    "hadronic": {
      "label": "Hadronic (vacuum polarisation + light-by-light)",
      "value": 1.6927e-12,
      "sigma": 1.2e-14
    },
    "weak": {
      "label": "Electroweak (W, Z bosons)",
      "value": 2.97e-14,
      "sigma": 5e-17
    },
    "sum_had_weak": 1.7224e-12,
    "sigma_sum_had_weak": 1.2000104166214559e-14,
    "mass_dependent_residual": 2.839744065300977e-12
  },
  "schwinger_dominance": {
    "schwinger_contribution": 0.0011614097321908919,
    "a_e_fan": 0.0011596521805901094,
    "schwinger_over_total_ratio": 1.0015155851299207,
    "overshoot_absolute": 1.7575516007824286e-06,
    "overshoot_percent": 0.15155851299206521,
    "one_part_in": 659.8111714466047,
    "higher_orders_total_universal": -1.7575561629264414e-06
  },
  "alpha_limited": {
    "a_e_th_central_at_Fan_alpha": 0.0011596521805901094,
    "sigma_a_e_qed_truncation": 2.4462666384444073e-14,
    "sigma_a_e_had_weak": 1.2000104166214559e-14,
    "sigma_a_e_from_alpha_Cs": 2.284845521899882e-13,
    "sigma_a_e_from_alpha_Rb": 9.308629893168015e-14,
    "a_e_pred_Cs": 0.00115965218160407,
    "a_e_pred_Rb": 0.0011596521802521224,
    "a_e_pred_Fan": 0.0011596521805901094,
    "Delta_a_e_Cs_vs_Rb": 1.3519476337042757e-12,
    "Cs_vs_Rb_a_e_sigma": 5.479706888669945,
    "ratio_alpha_Rb_to_truncation": 3.805239276405052,
    "ratio_alpha_Cs_to_truncation": 9.340132780263177,
    "sigma_a_e_exp_Fan_2023": 1.3e-13
  },
  "inversion_check": {
    "alpha_inverted": 0.00729735256491719,
    "alpha_inv_inverted": 137.03599916599998,
    "alpha_inv_published_Fan": 137.035999166,
    "diff_alpha_inv": -2.842170943040401e-14
  },
  "precision_history": [
    {
      "year": 1948,
      "g_over_2": 1.00119,
      "sigma_g_over_2": 5e-05,
      "rel_unc": 4.99405707208422e-05,
      "lab": "Columbia (atomic-beam magnetic resonance)",
      "reference": "Kusch and Foley (1948), Phys. Rev. 74, 250"
    },
    {
      "year": 1963,
      "g_over_2": 1.0011609,
      "sigma_g_over_2": 4e-06,
      "rel_unc": 3.995361784504369e-06,
      "lab": "Michigan (precession of polarised free electrons)",
      "reference": "Wilkinson and Crane (1963), Phys. Rev. 130, 852"
    },
    {
      "year": 1987,
      "g_over_2": 1.00115965221,
      "sigma_g_over_2": 4e-12,
      "rel_unc": 3.995366764102248e-12,
      "lab": "Washington (single-electron Penning trap, geonium)",
      "reference": "Van Dyck, Schwinberg and Dehmelt (1987), PRL 59, 26"
    },
    {
      "year": 2008,
      "g_over_2": 1.00115965218073,
      "sigma_g_over_2": 2.8e-13,
      "rel_unc": 2.7967567349533403e-13,
      "lab": "Harvard (cylindrical Penning trap, quantum cyclotron)",
      "reference": "Hanneke, Fogwell and Gabrielse (2008), PRL 100, 120801"
    },
    {
      "year": 2023,
      "g_over_2": 1.00115965218059,
      "sigma_g_over_2": 1.3e-13,
      "rel_unc": 1.298494198371375e-13,
      "lab": "Northwestern (rebuilt apparatus, cavity-shift mitigation)",
      "reference": "Fan, Myers, Sukra and Gabrielse (2023), PRL 130, 071801"
    }
  ],
  "precision_history_meta": {
    "years_span": 75,
    "relative_uncertainty_improvement_factor": 384603726.25060415,
    "log10_improvement": 8.585013487604582
  },
  "n_diagrams_by_order": {
    "1": 1,
    "2": 7,
    "3": 72,
    "4": 891,
    "5": 12672
  }
}